{"last_tab":"10","logo":{"url":"http:\/\/dhrubok.website\/wp\/spark\/wp-content\/themes\/spark-theme\/img\/logo.png","id":"","height":"","width":"","thumbnail":""},"logo-height":"37px","logo-width":"140px","preloader":"1","preloader_logo_set":"","preloader_logo":{"url":"","id":"","height":"","width":"","thumbnail":""},"primary-theme-color":{"color":"#288FEB","alpha":"1","rgba":"rgba(40,143,235,1)"},"secondary-theme-color":{"color":"#3FA5FF","alpha":"1","rgba":"rgba(63,165,255,1)"},"header_layout":"header-style-1","spark_header_widgets":"[spark_list icon=\"fa-phone\" text=\"+214-5212-829\" link=\"tel:+214-5212-829\"]","whmcs_client_area":"1","woo_cart_switch":"1","footer-copyright":"&copy; Copyright 2016 Spark, All Rights Reserved","box_layout":"","body_background":{"background-color":"","background-repeat":"","background-size":"","background-attachment":"","background-position":"","background-image":"","media":{"id":"","height":"","width":"","thumbnail":""}},"box_layout_width":{"width":"","units":"px"},"breadcrumb_on":"1","breadcrumb_background":{"background-color":"#EFEFEE","background-repeat":"","background-size":"","background-attachment":"","background-position":"","background-image":"","media":{"id":"","height":"","width":"","thumbnail":""}},"breadcrumb_spacing":{"padding-top":"40px","padding-right":"0","padding-bottom":"40px","padding-left":"0","units":"px"},"breadcrumb_typography":{"font-family":"Roboto","font-options":"","google":"1","font-backup":"","font-weight":"","font-style":"700","subsets":"","text-align":"","font-size":"26px","line-height":"32px","letter-spacing":"","color":"#233141"},"breadcrumb_pages_typography":{"font-family":"Roboto","font-options":"","google":"1","font-backup":"","font-weight":"","font-style":"400","subsets":"","text-align":"","font-size":"14px","line-height":"18px","letter-spacing":"","color":"#8ba1b9"},"h1_typography":{"font-family":"","font-options":"","google":"1","font-backup":"","font-weight":"","font-style":"","subsets":"","text-align":"","font-size":"","line-height":"","color":""},"h2_typography":{"font-family":"","font-options":"","google":"1","font-backup":"","font-weight":"","font-style":"","subsets":"","text-align":"","font-size":"","line-height":"","color":""},"h3_typography":{"font-family":"","font-options":"","google":"1","font-backup":"","font-weight":"","font-style":"","subsets":"","text-align":"","font-size":"","line-height":"","color":""},"h4_typography":{"font-family":"","font-options":"","google":"1","font-backup":"","font-weight":"","font-style":"","subsets":"","text-align":"","font-size":"","line-height":"","color":""},"h5_typography":{"font-family":"","font-options":"","google":"1","font-backup":"","font-weight":"","font-style":"","subsets":"","text-align":"","font-size":"","line-height":"","color":""},"h6_typography":{"font-family":"","font-options":"","google":"1","font-backup":"","font-weight":"","font-style":"","subsets":"","text-align":"","font-size":"","line-height":"","color":""},"paragraph_typography":{"font-family":"","font-options":"","google":"1","font-backup":"","font-weight":"","font-style":"","subsets":"","text-align":"","font-size":"","line-height":"","color":""},"a_typography":{"font-family":"","font-options":"","google":"1","font-backup":"","font-weight":"","font-style":"","subsets":"","text-align":"","font-size":"","line-height":"","color":""},"body_typography":{"font-family":"","font-options":"","google":"1","font-backup":"","font-weight":"","font-style":"","subsets":"","text-align":"","font-size":"","line-height":"","color":""},"post_meta_typography":{"font-family":"","font-options":"","google":"1","font-backup":"","font-weight":"","font-style":"","subsets":"","text-align":"","font-size":"","line-height":"","color":""},"post_content_typography":{"font-family":"","font-options":"","google":"1","font-backup":"","font-weight":"","font-style":"","subsets":"","text-align":"","font-size":"","line-height":"","color":""},"google-api-key":"AIzaSyAWS3sAku2BqXkDO-rgMAPvPGLPCCadapw","blog-page-layout":"right_sidebar","page-single-title":"Single: Post","single-page-layout":"right_sidebar","search-page-layout":"right_sidebar","archive-page-layout":"right_sidebar","author-page-layout":"right_sidebar","ftr_switch":"1","ftr_bg":{"background-color":"#fff","background-repeat":"","background-size":"","background-attachment":"","background-position":"","background-image":"","media":{"id":"","height":"","width":"","thumbnail":""}},"ftr_wdt_title":false,"redux-backup":"1"}