{"ordomain_sidebar":{"search-2":{"title":""},"recent-posts-2":{"title":"","number":5},"recent-comments-2":{"title":"","number":5},"archives-2":{"title":"","count":0,"dropdown":0},"categories-2":{"title":"","count":0,"hierarchical":0,"dropdown":0},"meta-2":{"title":""},"ordomain_recentpost_widget-1":{"title":"Recent Posts","post_num":"2"},"calendar-1":{"title":"Calendar"},"archives-3":{"title":"","count":1,"dropdown":0}},"ord_footer_widget_one":{"text-1":{"title":"About Company","text":"<p>Lorem ipsum dolor sit amet, consectetur adipisicing elit. Perspiciatis, doloribus, inventore. Aspernatur eius exercitationem.<\/p>\r\n\r\n<address> <p><i class=\"fa fa-fw fa-map-marker\"><\/i> Shewrapara Bus Stand, Dhaka 1216<\/p><p><i class=\"fa fa-fw fa-phone\"><\/i> +88017-0010-010<\/p><p><i class=\"fa fa-fw fa-envelope\"><\/i> info@example.com<\/p><\/address>","filter":false}},"ord_footer_widget_two":{"nav_menu-1":{"title":"Our Services","nav_menu":140}},"ord_footer_widget_three":{"ordomain_recentpost_widget-2":{"title":"Recent Posts","post_num":"2"}},"ord_footer_widget_four":{"ordomain_twitter_widget-1":{"title":"Latest Tweets","screen_name_get":"ThemeLooks","token_get":"4711923134-CtwQEVRcvekC9TVbAHG9WeRcnjTlXfMbnVASwKp","token_secret_get":"PhgCaZPBJyl2z5bXCgt55vItoGmV1yHPsXPDIxHml9yos","consumer_key_get":"NuEEPxfACMSHxxRKwaMoBI2Nw","consumer_secret_get":"9i1kJKR7sf9MyHzSZHvuSTA5JKSEHkKp5RpOSMKDmdnjhc5lva","post_num":"2"}}}