{"last_tab":"1","ord_display_preloader":"1","ord_enable_breadcrumb":"1","ord_login_url":"http:\/\/themelooks.us\/demo\/ordomain\/wordpress\/ordomain\/login\/","ord_signup_url":"http:\/\/billing.ywhmcs.com\/register.php?systpl=OrDomainWHMCS","ord_ordomain_body_fonts":{"font-family":"Roboto","font-options":"","google":"1","font-weight":"300","font-style":""},"ord_ordomain_header_fonts":{"font-family":"Roboto","font-options":"","google":"1","font-weight":"500","font-style":""},"unlimited-color":"#8bc34a","unlimited-btn-color":"#73aa33","ord_site_logo":{"url":"","id":"","height":"","width":"","thumbnail":""},"ord_site_retinalogo":{"url":"","id":"","height":"","width":"","thumbnail":""},"ord_site_logo_dimensions":{"height":"","units":"px"},"ord_menu_dimensions":{"padding-top":"31px","padding-bottom":"24px","units":"px"},"ord_site_title":"<span><i class=\"fa fa-globe\"><\/i> Or<\/span>Domain","ord_header_tel":"+444-000-000-000","ord_header_email":"support@example.com","ord_allHeader_bg":{"url":"http:\/\/themelooks.us\/demo\/ordomain\/wordpress\/ordomain\/wp-content\/uploads\/2016\/10\/vpsPricing-bg.jpg","id":"1851","height":"1080","width":"1920","thumbnail":"http:\/\/themelooks.us\/demo\/ordomain\/wordpress\/ordomain\/wp-content\/uploads\/2016\/10\/vpsPricing-bg-150x150.jpg"},"ord_allHeader_overlay":"1","ord_allHeader_overlaycolor":{"background-color":"#2c3e50"},"ord_allHeader_overlayopacity":"0.6","ord_header_topmenu":{"background-color":"#ffffff"},"ord_header_topmenulinkcolor":{"regular":"#303030","hover":"#8bc34a"},"ord_header_menu":{"background-color":"#ffffff"},"ord_header_menulinkcolor":{"regular":"#303030","hover":"#8bc34a"},"ord_vpsslide_title":"VPS Plan","ord_vpsslide_subtitle":"choose your","ord_vpspricing_version":"2","ord_vpspricingPackge_time":"\/mo","ord_vpspricingoffer":"10% off","ord_vpspricingBuybtn_text":"Order Now","ord_vpspricingCustombtn_text":"View Details","ord_vpspricingCustombtn_url":"#","ord_vpspricing_packge":[{"title":"Basic","progress":"","icon":"","facts-number":"","url":"","sort":"0","attachment_id":"1840","thumb":"http:\/\/themelooks.us\/demo\/ordomain\/wordpress\/ordomain\/wp-content\/uploads\/2016\/10\/server01.png","image":"http:\/\/themelooks.us\/demo\/ordomain\/wordpress\/ordomain\/wp-content\/uploads\/2016\/10\/server01.png","height":"49","width":"102"},{"title":"Developer","progress":"","icon":"","facts-number":"","url":"","sort":"1","attachment_id":"1841","thumb":"http:\/\/themelooks.us\/demo\/ordomain\/wordpress\/ordomain\/wp-content\/uploads\/2016\/10\/server02.png","image":"http:\/\/themelooks.us\/demo\/ordomain\/wordpress\/ordomain\/wp-content\/uploads\/2016\/10\/server02.png","height":"49","width":"106"},{"title":"Executive","progress":"","icon":"","facts-number":"","url":"","sort":"2","attachment_id":"1842","thumb":"http:\/\/themelooks.us\/demo\/ordomain\/wordpress\/ordomain\/wp-content\/uploads\/2016\/10\/server03.png","image":"http:\/\/themelooks.us\/demo\/ordomain\/wordpress\/ordomain\/wp-content\/uploads\/2016\/10\/server03.png","height":"49","width":"106"},{"title":"Business","progress":"","icon":"","facts-number":"","url":"","sort":"3","attachment_id":"1843","thumb":"http:\/\/themelooks.us\/demo\/ordomain\/wordpress\/ordomain\/wp-content\/uploads\/2016\/10\/server04.png","image":"http:\/\/themelooks.us\/demo\/ordomain\/wordpress\/ordomain\/wp-content\/uploads\/2016\/10\/server04.png","height":"49","width":"106"}],"ord_vpspricing_title":[{"title":"CPU","progress":"","icon":"","facts-number":"","url":"","sort":"4","attachment_id":"","thumb":"","image":"","height":"","width":""},{"title":"RAM","progress":"","icon":"","facts-number":"","url":"","sort":"5","attachment_id":"","thumb":"","image":"","height":"","width":""},{"title":"DISK SPACE","progress":"","icon":"","facts-number":"","url":"","sort":"6","attachment_id":"","thumb":"","image":"","height":"","width":""},{"title":"BANDWIDTH","progress":"","icon":"","facts-number":"","url":"","sort":"7","attachment_id":"","thumb":"","image":"","height":"","width":""},{"title":"SETUP","progress":"","icon":"","facts-number":"","url":"","sort":"8","attachment_id":"","thumb":"","image":"","height":"","width":""},{"title":"IP","progress":"","icon":"","facts-number":"","url":"","sort":"9","attachment_id":"","thumb":"","image":"","height":"","width":""}],"ord_vpsslide_background":{"background-color":"#ff2d2d","background-repeat":"no-repeat","background-size":"cover","background-attachment":"scroll","background-position":"center center","background-image":"http:\/\/themelooks.us\/demo\/ordomain\/wordpress\/ordomain\/wp-content\/uploads\/2016\/10\/banner-01.jpg","media":{"id":"1828","height":"1200","width":"2000","thumbnail":"http:\/\/themelooks.us\/demo\/ordomain\/wordpress\/ordomain\/wp-content\/uploads\/2016\/10\/banner-01-150x150.jpg"}},"ord_vpsslide_color":"#FFFFFF","ord_vpsslide_ribbon_color":"#FFFFFF","ord_vpsslide_btn_color":"#FFFFFF","ord_loginactionUrl":"http:\/\/billing.ywhmcs.com\/?systpl=OrDomainWHMCS","ord_loginRegisterUrl":"http:\/\/billing.ywhmcs.com\/register.php?systpl=OrDomainWHMCS","ord_loginForgetPasswordUrl":"http:\/\/billing.ywhmcs.com\/pwreset.php?systpl=OrDomainWHMCS","ord_subscribe_apikey":"","ord_subscribe_listid":"","ord_datacenterLocations":[{"title":"23.737385","progress":"78.757671","icon":"","facts-number":"","url":"","sort":"10","attachment_id":"","thumb":"","image":"","height":"","width":""},{"title":"23.789747","progress":"90.3929248","icon":"","facts-number":"","url":"","sort":"11","attachment_id":"","thumb":"","image":"","height":"","width":""},{"title":"34.9862056","progress":"102.8388954","icon":"","facts-number":"","url":"","sort":"12","attachment_id":"","thumb":"","image":"","height":"","width":""}],"ord_blog_sidebar":"3","ord_front_blogPost_excerpt":"15","ord_blog_postExcerpt":"30","ord_hide_shareBox":"1","ord_woo_sidebar":"1","ord_woo_product_number":"8","ord_woo_shoptitle_switch":"0","ord_fof_text":"404","ord_fof_desc":"It looks like nothing was found at this location. Maybe try one of the links below or a search?","ord_fof_background":{"background-color":"#ffffff","background-repeat":"no-repeat","background-size":"cover","background-attachment":"scroll","background-position":"center center","background-image":"http:\/\/themelooks.us\/demo\/ordomain\/wordpress\/ordomain\/wp-content\/uploads\/2016\/10\/404.jpg","media":{"id":"1823","height":"1080","width":"1920","thumbnail":"http:\/\/themelooks.us\/demo\/ordomain\/wordpress\/ordomain\/wp-content\/uploads\/2016\/10\/404-150x150.jpg"}},"ord_fof_overlay":"1","ord_contact_title":"Contact Information","ord_contact_info":"1234 12th Avenue NW, East Shawarapara, Dhaka","ord_phone_number":"(425) 392-2328","ord_fax":"(425) 392-2328","ord_email":"info@example.com","ord_contact_background":{"background-color":"#ffffff","background-repeat":"","background-size":"","background-attachment":"","background-position":"","background-image":"","media":{"id":"","height":"","width":"","thumbnail":""}},"ord_contact_form":"[contact-form-7 id=\"1753\" title=\"ordomain contact form\"]","ord_contact_action_disabled":"1","ord_contactActions":[{"title":"Email Support","progress":"Send Email","icon":"fa-envelope","facts-number":"","description":"Lorem ipsum dolor sit amet, consectetur adipisicing elit. Quae reprehenderit impedit aut facilis!","url":"#","sort":"13","attachment_id":"","thumb":"","image":"","height":"","width":""},{"title":"Live Chat","progress":"Start Chat","icon":"fa-comments","facts-number":"","description":"Lorem ipsum dolor sit amet, consectetur adipisicing elit. Quae reprehenderit impedit aut facilis!","url":"#","sort":"14","attachment_id":"","thumb":"","image":"","height":"","width":""},{"title":"CALL CENTER","progress":"Call Center","icon":"fa-headphones","facts-number":"","description":"Lorem ipsum dolor sit amet, consectetur adipisicing elit. Quae reprehenderit impedit aut facilis!","url":"#","sort":"15","attachment_id":"","thumb":"","image":"","height":"","width":""},{"title":"SUPPORT TICKET","progress":"Submit A Ticket","icon":"fa-clipboard","facts-number":"","description":"Lorem ipsum dolor sit amet, consectetur adipisicing elit. Quae reprehenderit impedit aut facilis!","url":"#","sort":"16","attachment_id":"","thumb":"","image":"","height":"","width":""}],"ord_contactAction_bg":{"background-color":"#ff2b2b","background-repeat":"no-repeat","background-size":"cover","background-attachment":"scroll","background-position":"center center","background-image":"http:\/\/themelooks.us\/demo\/ordomain\/wordpress\/ordomain\/wp-content\/uploads\/2016\/10\/contact-action-bg.jpg","media":{"id":"1826","height":"691","width":"1217","thumbnail":"http:\/\/themelooks.us\/demo\/ordomain\/wordpress\/ordomain\/wp-content\/uploads\/2016\/10\/contact-action-bg-150x150.jpg"}},"ord_map_disabled":"1","ord_map_apikey":"AIzaSyBK9f7sXWmqQ1E-ufRXV3VpXOn_ifKsDuc","ord_map_lat":"23.790546","ord_map_lng":"90.375583","ord_map_zoom":"16","ordomain_facebook_link":"#","ordomain_twitter_link":"#","ordomain_google_link":"#","ordomain_youtube_link":"","ordomain_instagram_link":"","ordomain_vimeo_link":"","ordomain_linkedin_link":"#","ordomain_behance_link":"","ordomain_pinterest_link":"#","ordomain_dribbble_link":"","ordomain_github_link":"","ord_footer_weiget_disabled":"0","ord_footercol_switch":"3","ord_footer_weiget_background":{"background-color":"#222222","background-repeat":"","background-size":"","background-attachment":"","background-position":"","background-image":"","media":{"id":"","height":"","width":"","thumbnail":""}},"ord_footer_top_disabled":"1","ord_footertop_accpet":{"url":"http:\/\/themelooks.us\/demo\/ordomain\/wordpress\/ordomain\/wp-content\/uploads\/2016\/10\/payment-methods.png","id":"1844","height":"40","width":"315","thumbnail":"http:\/\/themelooks.us\/demo\/ordomain\/wordpress\/ordomain\/wp-content\/uploads\/2016\/10\/payment-methods-150x40.png"},"ord_footer_top_background":{"background-color":"#222222","background-repeat":"","background-size":"","background-attachment":"","background-position":"","background-image":"","media":{"id":"","height":"","width":"","thumbnail":""}},"ord_copyright_text":"Copyright 2016 \u00a9 <a href=\"#\">OrDomain<\/a>. All Rights Reserved.","ord_footer_copyright_background":{"background-color":"#111111","background-repeat":"","background-size":"","background-attachment":"","background-position":"","background-image":"","media":{"id":"","height":"","width":"","thumbnail":""}},"redux-backup":"1"}