{"ecohost-sidebar":{"search-2":{"title":""},"recent-posts-2":{"title":"","number":5},"recent-comments-2":{"title":"","number":5},"archives-2":{"title":"","count":0,"dropdown":0},"categories-2":{"title":"","count":0,"hierarchical":0,"dropdown":0},"meta-2":{"title":""}},"footer-one":{"text-2":{"title":"About","text":"<p>Lorem ipsum dolor sit amet, consectetur adipisicing elit. Laborum quod mollitia quisquam. Architecto quam in atque sint voluptatem, consequatur consectetur ab ipsum maxime quod consequuntur excepturi illum dolorem ex modi.Lorem ipsum dolor sit amet, consectetur adipisicing elit. Consectetur animi id ex perspiciatis distinctio sequi minima. Velit inventore fugit, quisquam molestias nesciunt dolorem reprehenderit temporibus unde, cupiditate pariatur libero dolorum!<\/p>\r\n<a class=\"btn btn-custom-reverse\" href=\"#\">Read More<\/a>","filter":false}},"footer-two":{"ecohost_subscribe_widget-2":{"title":"Subscribe"}},"footer-three":{"nav_menu-2":{"title":"Pages","nav_menu":144}}}