{"last_tab":"8","eco_display_preloader":"1","eco_enable_breadcrumb":"1","eco_ecohost_body_fonts":{"font-family":"Raleway","font-options":"","google":"1","font-weight":"400","font-style":""},"eco_ecohost_header_fonts":{"font-family":"","font-options":"","google":"1","font-weight":"","font-style":""},"unlimited-color":"#6aaf08","eco_display_headerTop":"1","eco_header_tel":"+444 000 0000","eco_header_email":"example@example.com","eco_headerTop_bg":{"background-color":"#303030","background-repeat":"","background-size":"","background-attachment":"","background-position":"","background-image":"","media":{"id":"","height":"","width":"","thumbnail":""}},"eco_headerTop_color":{"regular":"#ffffff","hover":"#ffffff"},"eco_site_logo":{"url":"","id":"","height":"","width":"","thumbnail":""},"eco_site_logoretina":{"url":"","id":"","height":"","width":"","thumbnail":""},"eco_site_logo_dimensions":{"width":"","height":"","units":"px"},"eco_site_title":"<span><i class=\"fa fa-tree\"><\/i>Eco<\/span>Hosting","eco_support_info":[{"title":"24\/7 Support","progress":"","icon":"","facts-number":"","description":"Lorem ipsum dolor","url":"","sort":"0","attachment_id":"1728","thumb":"http:\/\/themelooks.us\/demo\/ecohosting\/wordpress\/wp-content\/uploads\/2016\/11\/01.png","image":"http:\/\/themelooks.us\/demo\/ecohosting\/wordpress\/wp-content\/uploads\/2016\/11\/01.png","height":"50","width":"50"},{"title":"45 Day Guarantee","progress":"","icon":"","facts-number":"","description":"Lorem ipsum dolor","url":"","sort":"1","attachment_id":"1729","thumb":"http:\/\/themelooks.us\/demo\/ecohosting\/wordpress\/wp-content\/uploads\/2016\/11\/02.png","image":"http:\/\/themelooks.us\/demo\/ecohosting\/wordpress\/wp-content\/uploads\/2016\/11\/02.png","height":"50","width":"50"},{"title":"99.9% Uptime","progress":"","icon":"","facts-number":"","description":"Lorem ipsum dolor","url":"","sort":"2","attachment_id":"1727","thumb":"http:\/\/themelooks.us\/demo\/ecohosting\/wordpress\/wp-content\/uploads\/2016\/11\/03.png","image":"http:\/\/themelooks.us\/demo\/ecohosting\/wordpress\/wp-content\/uploads\/2016\/11\/03.png","height":"50","width":"50"}],"eco_display_headerCustomBtn":"1","eco_header_customBtn":"Client Area","eco_header_customBtnUrl":"http:\/\/billing.ywhmcs.com\/?systpl=EcoHostingWP","eco_header_menu":{"background-color":"#6aaf08"},"eco_headerMenu_color":{"regular":"#ffffff","hover":"#ffffff"},"eco_allHeader_bg":{"url":"http:\/\/themelooks.us\/demo\/ecohosting\/wordpress\/wp-content\/uploads\/2016\/11\/page-title-bg.jpg","id":"1768","height":"1439","width":"1919","thumbnail":"http:\/\/themelooks.us\/demo\/ecohosting\/wordpress\/wp-content\/uploads\/2016\/11\/page-title-bg-150x150.jpg"},"eco_allHeader_overlay":"","eco_loginactionUrl":"http:\/\/billing.ywhmcs.com\/dologin.php?systpl=EcoHostingWP","eco_loginForgetPasswordUrl":"http:\/\/billing.ywhmcs.com\/pwreset.php?systpl=EcoHostingWP","eco_subscribe_apikey":"","eco_subscribe_listid":"","eco_blog_sidebar":"3","eco_front_blogPost_number":"2","eco_front_blogPost_excerpt":"12","eco_blog_postExcerpt":"35","eco_hide_shareBox":"1","eco_woo_sidebar":"1","eco_woo_product_number":"8","ecohost_woo_shoptitle_switch":"0","eco_fof_text":"404","eco_fof_desc":"It looks like nothing was found at this location. Maybe try one of the links below or a search?","eco_fof_background":{"background-color":"#ffffff","background-repeat":"","background-size":"","background-attachment":"","background-position":"","background-image":"http:\/\/themelooks.us\/demo\/ecohosting\/wordpress\/wp-content\/uploads\/2016\/11\/404-bg.jpg","media":{"id":"1764","height":"840","width":"1600","thumbnail":"http:\/\/themelooks.us\/demo\/ecohosting\/wordpress\/wp-content\/uploads\/2016\/11\/404-bg-150x150.jpg"}},"eco_contact_title":"Contact Information","eco_contact_info":"1234 12th Avenue NW, East Shawarapara, Dhaka","eco_phone_number":"(425) 392-2328","eco_fax":"(425) 392-2328","eco_email":"info@example.com","eco_contact_form":"[contact-form-7 id=\"1788\" title=\"ecohosting\"]","eco_map_disabled":"1","eco_map_apikey":"","eco_map_lat":"23.790546","eco_map_lng":"90.375583","eco_map_zoom":"16","eco_facebook_link":"#","eco_twitter_link":"#","eco_google_link":"#","eco_youtube_link":"","eco_instagram_link":"","eco_vimeo_link":"","eco_linkedin_link":"#","eco_behance_link":"","eco_pinterest_link":"","eco_dribbble_link":"","eco_footer_weiget_disabled":"1","eco_footer_weiget_background":{"background-color":"#303030","background-repeat":"","background-size":"","background-attachment":"","background-position":"","background-image":"","media":{"id":"","height":"","width":"","thumbnail":""}},"eco_footer_top_disabled":"1","eco_footerTtop_contactInfo":[{"title":"24\/7 Customer Support","progress":"","icon":"fa-headphones","facts-number":"","url":"#","sort":"0","attachment_id":"","thumb":"","image":"","height":"","width":""},{"title":"support@example.com","progress":"","icon":"fa-envelope-o","facts-number":"","url":"#","sort":"1","attachment_id":"","thumb":"","image":"","height":"","width":""},{"title":"Click Here To Live Chat","progress":"","icon":"fa-comments-o","facts-number":"","url":"#","sort":"2","attachment_id":"","thumb":"","image":"","height":"","width":""},{"title":"+44 000 000 000","progress":"","icon":"fa-phone","facts-number":"","url":"tel:+4440000000","sort":"3","attachment_id":"","thumb":"","image":"","height":"","width":""}],"eco_footer_top_background":{"background-color":"#232328","background-repeat":"","background-size":"","background-attachment":"","background-position":"","background-image":"","media":{"id":"","height":"","width":"","thumbnail":""}},"eco_copyright_text":"Copyright 2016 \u00a9 <a href=\"#\">EcoHosting<\/a>. All Rights Reserved.","eco_accpetPayment":{"url":"http:\/\/themelooks.us\/demo\/ecohosting\/wordpress\/wp-content\/uploads\/2016\/11\/payment-methods.png","id":"1721","height":"40","width":"315","thumbnail":"http:\/\/themelooks.us\/demo\/ecohosting\/wordpress\/wp-content\/uploads\/2016\/11\/payment-methods-150x40.png"},"eco_footer_copyright_background":{"background-color":"#222","background-repeat":"","background-size":"","background-attachment":"","background-position":"","background-image":"","media":{"id":"","height":"","width":"","thumbnail":""}},"redux-backup":"1"}