[{"primary":["search-2","recent-posts-2","recent-comments-2","archives-2","categories-2","meta-2"],"footer-1":["spyropress_textphoto-2"],"footer-2":["spyropress_photostream-2"],"footer-3":["spyropress_twitter-2"],"footer-4":["spyropress_contact-2"]},{"search":{"2":{"title":""},"_multiwidget":1},"recent-posts":{"2":{"title":"","number":5},"_multiwidget":1},"recent-comments":{"2":{"title":"","number":5},"_multiwidget":1},"archives":{"2":{"title":"","count":0,"dropdown":0},"_multiwidget":1},"categories":{"2":{"title":"","count":0,"hierarchical":0,"dropdown":0},"_multiwidget":1},"meta":{"2":{"title":""},"_multiwidget":1},"spyropress_textphoto":{"2":{"title":"About Us","content":"This is Photoshop's version of Lorem Ipsum. Proin gravida nibh vel velit auctor aliquet. Aenean sollicitudin, lorem quis bibendum auctor, nisi elit consequat ipsum, nec sagittis sem","filter":["1"],"template":"","photo":"","size":"","float":"","custom_action":"1","custom_show":"0"},"_multiwidget":1},"spyropress_photostream":{"2":{"title":"Flickr Gallery","limit":"9","social_network":"flickr","user":"envato","custom_action":"1","custom_show":"0"},"_multiwidget":1},"spyropress_twitter":{"2":{"title":"Twitter","username":"spyropress","twitter_counts":"3","custom_action":"1","custom_show":"0"},"_multiwidget":1},"spyropress_contact":{"2":{"title":"Contact info","email":"info@contact.com","phone":"0038 45 1234 5678","mobile":"+938 45 1234 5678","address":"Little Lonsdale St, Melbourne Victoria 8011 Australia","custom_action":"1","custom_show":"0"},"_multiwidget":1}}]