<wpml-config>
	<custom-fields>
		<custom-field action="copy">image</custom-field>
		<custom-field action="copy">images</custom-field>
		<custom-field action="copy">video</custom-field>
		<custom-field action="copy">audio</custom-field>
		<custom-field action="translate">quote</custom-field>
		<custom-field action="translate">quote_author</custom-field>
		<custom-field action="copy">author_url</custom-field>
		<custom-field action="copy">url</custom-field>
		<custom-field action="translate">url_text</custom-field>
		<custom-field action="translate">bg_commingsoon</custom-field>
		<custom-field action="copy">hide_title_area</custom-field>
		<custom-field action="copy">title_area_bg</custom-field>
		<custom-field action="copy">hide_breadcrumb</custom-field>
		<custom-field action="copy">custom_layout</custom-field>
		<custom-field action="copy">layout</custom-field>
		<custom-field action="copy">custom_css</custom-field>
	</custom-fields>

	<admin-texts>
		<key name="theme_mods_cloudhost">
			<key name="footer_info" />
			<key name="footer_copyright" />
			<key name="footer_payment" />
		</key>
	</admin-texts>
</wpml-config>
